UserID,RealName,IDNumber,Residence
110001,同小济,3.10101E+17,上海市嘉定区曹安公路4800号广楼304
110002,纪晓琴,3.10101E+17,上海市嘉定区曹安公路4800号广楼303
110003,张三,3.10105E+17,上海市嘉定区曹安公路4800号安楼304
110004,李四,3.10107E+17,上海市嘉定区曹安公路4800号广楼102
110005,王五,3.10106E+17,上海市嘉定区曹安公路4800号诚楼304
110006,刘淑仙,3.10109E+17,上海市嘉定区曹安公路4800号广楼101
110007,孙晓光,3.10109E+17,上海市嘉定区曹安公路4800号广楼204
110008,李佳妮,3.10112E+17,上海市嘉定区曹安公路4800号广楼104
110009,王思文,3.10113E+17,上海市嘉定区曹安公路4800号广楼205
110010,那艺娜,3.10114E+17,上海市嘉定区曹安公路4800号广楼401
